{
	"credit": "Made with Blockbench",
	"textures": {
		"0": "buildersmod:block/dual_door_2x2",
		"particle": "buildersmod:block/dual_door_2x2"
	},
	"elements": [
		{
			"from": [15, 0, 0],
			"to": [16, 32, 16],
			"faces": {
				"north": {"uv": [0, 0.47059, 0.47059, 15.52941], "rotation": 180, "texture": "#0"},
				"east": {"uv": [0.47059, 0.47059, 8, 15.52941], "rotation": 180, "texture": "#0"},
				"south": {"uv": [8, 0.47059, 8.47059, 15.52941], "rotation": 180, "texture": "#0"},
				"west": {"uv": [8.47059, 0.47059, 16, 15.52941], "rotation": 180, "texture": "#0"},
				"up": {"uv": [8, 0, 15.52941, 0.47059], "rotation": 90, "texture": "#0"},
				"down": {"uv": [0.47059, 0, 8, 0.47059], "rotation": 90, "texture": "#0"}
			}
		},
		{
			"from": [-16, 0, 0],
			"to": [-15, 32, 16],
			"faces": {
				"north": {"uv": [0, 0.47059, 0.47059, 15.52941], "rotation": 180, "texture": "#0"},
				"east": {"uv": [0.47059, 0.47059, 8, 15.52941], "rotation": 180, "texture": "#0"},
				"south": {"uv": [8, 0.47059, 8.47059, 15.52941], "rotation": 180, "texture": "#0"},
				"west": {"uv": [8.47059, 0.47059, 16, 15.52941], "rotation": 180, "texture": "#0"},
				"up": {"uv": [8, 0, 15.52941, 0.47059], "rotation": 90, "texture": "#0"},
				"down": {"uv": [0.47059, 0, 8, 0.47059], "rotation": 90, "texture": "#0"}
			}
		}
	],
	"display": {
		"thirdperson_righthand": {
			"scale": [0.5, 0.5, 0.5]
		},
		"firstperson_righthand": {
			"scale": [0.5, 0.5, 0.5]
		},
		"gui": {
			"translation": [0, -3.5, 0],
			"scale": [0.5, 0.5, 0.5]
		}
	}
}